TotalPortfolioValue,PortfolioReturnPct,AbsoluteReturn,CAGR,AnnualizedReturn,PortfolioDiversificationScore,AverageHoldingPeriodDays,ExpenseRatioImpact,SharpeRatioSimplified
141333.8,1.4329995385292302,1996.7000000000116,78.14568687443075,78.14568687443075,78.38825619888416,4.591836734693878,1592.27995,20.827369726691042
