FundID,CurrentValue,FundName,FundAllocationPct
F101,23832.899999999998,Alpha Growth Fund,16.862845264190167
F102,24056.0,Bluechip Equity Fund,17.020698516561502
F103,30565.5,Balanced Advantage Fund,21.626461610739966
F104,20056.800000000003,Corporate Bond Fund,14.191085218114848
F105,42822.6,Small Cap Opportunities,30.298909390393526
