MeanInvestmentAmount,MedianInvestorIncome,StdDevNAV,FundReturnP90,FundReturnP95,IncomeInvestmentCorrelation,AverageDailyNAV
2843.6142857142854,1170000.0,13.538324588111381,3.4384905660377334,3.452578616352196,-0.12992306910760576,35.12
